"Famiglia","Checkbox","Selezionata","Tipo","Atteso","Presente","Esito"
"Classici","highest-match-score","True","Sezione","puntiSquadraMax","True","OK"
"Classici","lowest-match-score","True","Sezione","puntiSquadraMin","True","OK"
"Classici","most-regulation-goals","True","Sezione","partitePiuGolRegolamentari","True","OK"
"Classici","largest-regulation-margin","True","Sezione","partitePiuScartoRegolamentari","True","OK"
"Classici","average-points","True","Sezione","mediaPuntiSquadre","True","OK"
"Classici","total-points","True","Sezione","totalePuntiSquadre","True","OK"
"Classici","standings-points","True","Sezione","puntiClassificaSquadre","True","OK"
"Classici","wins","True","Sezione","vittorieSquadre","True","OK"
"Classici","draws","True","Sezione","pareggiSquadre","True","OK"
"Classici","losses","True","Sezione","sconfitteSquadre","True","OK"
"Classici","goals-for","True","Sezione","golFattiSquadre","True","OK"
"Classici","goals-against","True","Sezione","golSubitiSquadre","True","OK"
"Classici","yellow-cards-team","True","Sezione","ammonizioniSquadre","True","OK"
"Classici","red-cards-team","True","Sezione","espulsioniSquadre","True","OK"
"Classici","red-cards-player","True","Sezione","espulsioniGiocatori","True","OK"
"Classici","assists-team","True","Sezione","assistSquadre","True","OK"
"Classici","own-goals-team","True","Sezione","autogolSquadre","True","OK"
"Classici","penalties-scored","True","Sezione","golRigoreSquadre","True","OK"
"Classici","penalties-missed","True","Sezione","rigoriSbagliatiSquadre","True","OK"
"Classici","penalties-saved","True","Sezione","rigoriParatiSquadre","True","OK"
"Classici","clean-sheets","True","Sezione","cleanSheetPortiereVolteSquadre","True","OK"
"Serie","wins","True","Sezione","serieVittorie","True","OK"
"Serie","draws","True","Sezione","seriePareggi","True","OK"
"Serie","losses","True","Sezione","serieSconfitte","True","OK"
"Serie","unbeaten","True","Sezione","serieSenzaSconfitte","True","OK"
"Serie","winless","True","Sezione","serieSenzaVittorie","True","OK"
"Serie","clean-sheets","True","Sezione","cleanSheetPortiereSerieSquadre","True","OK"
"Serie modificatori","modm1pers.series","True","Sezione","modDifesaSerieSquadre","True","OK"
"Serie modificatori","modm2pers.series","True","Sezione","capitanoSerieSquadre","True","OK"
"Serie modificatori","modm3pers.series","False","Sezione","modPersonalizzato3SerieSquadre","False","OK"
"Serie modificatori","modportiere.series","False","Sezione","modPortiereFcmSerieSquadre","False","OK"
"Serie modificatori","moddifesa.series","True","Sezione","modDifesaFcmSerieSquadre","True","OK"
"Serie modificatori","modcentrocampo.series","False","Sezione","modCentrocampoFcmSerieSquadre","False","OK"
"Serie modificatori","modattacco.series","False","Sezione","modAttaccoFcmSerieSquadre","False","OK"
"Serie modificatori","modmodulo.series","False","Sezione","modModuloFcmSerieSquadre","False","OK"
"Modificatori","modm1pers.max","True","Sezione","modDifesaMax","True","OK"
"Modificatori","modm1pers.total","True","Sezione","modDifesaTotaleSquadre","True","OK"
"Modificatori","modm1pers.average","True","Sezione","modDifesaMediaSquadre","True","OK"
"Modificatori","modm1pers.uses","True","Sezione","modDifesaUtilizziSquadre","True","OK"
"Modificatori","modm2pers.max","False","Sezione","capitanoMax","False","OK"
"Modificatori","modm2pers.total","True","Sezione","capitanoTotaleSquadre","True","OK"
"Modificatori","modm2pers.average","False","Sezione","capitanoMediaSquadre","False","OK"
"Modificatori","modm2pers.uses","True","Sezione","capitanoUtilizziSquadre","True","OK"
"Modificatori","modm3pers.max","False","Sezione","modPersonalizzato3Max","False","OK"
"Modificatori","modm3pers.total","False","Sezione","modPersonalizzato3TotaleSquadre","False","OK"
"Modificatori","modm3pers.average","False","Sezione","modPersonalizzato3MediaSquadre","False","OK"
"Modificatori","modm3pers.uses","False","Sezione","modPersonalizzato3UtilizziSquadre","False","OK"
"Modificatori","modportiere.max","False","Sezione","modPortiereFcmMax","False","OK"
"Modificatori","modportiere.total","False","Sezione","modPortiereFcmTotaleSquadre","False","OK"
"Modificatori","modportiere.average","False","Sezione","modPortiereFcmMediaSquadre","False","OK"
"Modificatori","modportiere.uses","False","Sezione","modPortiereFcmUtilizziSquadre","False","OK"
"Modificatori","moddifesa.max","True","Sezione","modDifesaFcmMax","True","OK"
"Modificatori","moddifesa.total","True","Sezione","modDifesaFcmTotaleSquadre","True","OK"
"Modificatori","moddifesa.average","True","Sezione","modDifesaFcmMediaSquadre","True","OK"
"Modificatori","moddifesa.uses","True","Sezione","modDifesaFcmUtilizziSquadre","True","OK"
"Modificatori","modcentrocampo.max","False","Sezione","modCentrocampoFcmMax","False","OK"
"Modificatori","modcentrocampo.total","False","Sezione","modCentrocampoFcmTotaleSquadre","False","OK"
"Modificatori","modcentrocampo.average","False","Sezione","modCentrocampoFcmMediaSquadre","False","OK"
"Modificatori","modcentrocampo.uses","False","Sezione","modCentrocampoFcmUtilizziSquadre","False","OK"
"Modificatori","modattacco.max","False","Sezione","modAttaccoFcmMax","False","OK"
"Modificatori","modattacco.total","False","Sezione","modAttaccoFcmTotaleSquadre","False","OK"
"Modificatori","modattacco.average","False","Sezione","modAttaccoFcmMediaSquadre","False","OK"
"Modificatori","modattacco.uses","False","Sezione","modAttaccoFcmUtilizziSquadre","False","OK"
"Modificatori","modmodulo.max","False","Sezione","modModuloFcmMax","False","OK"
"Modificatori","modmodulo.total","False","Sezione","modModuloFcmTotaleSquadre","False","OK"
"Modificatori","modmodulo.average","False","Sezione","modModuloFcmMediaSquadre","False","OK"
"Modificatori","modmodulo.uses","False","Sezione","modModuloFcmUtilizziSquadre","False","OK"
"Fattore Campo","home-field-deciding","True","Sezione","fattoreCampoDecisivo","True","OK"
"Fattore Campo","home-field-points-gained","True","Sezione","fattoreCampoPuntiGuadagnatiSquadre","True","OK"
"Fattore Campo","home-field-points-lost","True","Sezione","fattoreCampoPuntiPersiSquadre","True","OK"
"Fattore Campo","home-field-balance","True","Sezione","fattoreCampoTotaleSquadre","True","OK"
"RU","max-in-match","True","Vista","partiteConPiuRU","True","OK"
"RU","matches-with","True","Vista","partiteConRU","True","OK"
"RU","matches-against","True","Vista","partiteControRU","True","OK"
"RU","deciding","True","Vista","ruDecisiva","True","OK"
"RU","deciding-against","True","Vista","ruDecisivaContro","True","OK"
"RU","balance","True","Vista","bilancioConRU","True","OK"
"RU","balance-against","True","Vista","bilancioControRU","True","OK"
"RU","average-points","True","Vista","mediaPuntiConRU","True","OK"
"RU","average-points-against","True","Vista","mediaPuntiControRU","True","OK"
"RU","role-distribution","True","Vista","tipoRUUsata","True","OK"
"RU","(derivata)","False","Vista derivata","bilancioRUDecisiva","True","DERIVATA"
"RU","(derivata)","False","Vista derivata","bilancioRUDecisivaContro","True","DERIVATA"
"Soglie/Fortuna","surgical-win","True","Tipo evento","ONE_GOAL_WIN","True","OK"
"Soglie/Fortuna","mocking-loss","True","Tipo evento","ONE_GOAL_LOSS","True","OK"
"Soglie/Fortuna","miraculous-draw","True","Tipo evento","MIRACLE_DRAW","True","OK"
"Soglie/Fortuna","narrow-draw","True","Tipo evento","TIGHT_DRAW","True","OK"
"Soglie/Fortuna","missed-win-half-point","True","Tipo evento","MISSED_WIN_HALF_POINT","True","OK"
"Soglie/Fortuna","loss-by-a-whisker","True","Tipo evento","LOSS_BY_A_WHISKER","True","OK"
"Soglie/Fortuna","exact-threshold","True","Tipo evento","EXACT_THRESHOLD","True","OK"
"Soglie/Fortuna","just-enough","True","Tipo evento","JUST_ENOUGH","True","OK"
"Soglie/Fortuna","wasted-points","True","Tipo evento","UNUSED_BAND_POINTS","True","OK"
"Soglie/Fortuna","favourable-events","True","Aggregato","favourableEvents","True","OK"
"Soglie/Fortuna","unfavourable-events","True","Aggregato","unfavourableEvents","True","OK"
"Soglie/Fortuna","balance","True","Aggregato","luckBalance","True","OK"
"Culometro","enabled","True","Famiglia","fcmRecordsNext_Culometro.js","True","OK"
